Actual,LSTM_Prediction,HAR_Adjusted_Prediction
154.824,153.89758,154.8251096881218
154.684,153.96628,154.8938047564812
154.643,153.90372,154.83124372132494
154.584,153.84158,154.76910993226244
154.48401,153.78185,154.70937177308275
154.554,153.69774,154.62526532777025
154.52301,153.70757,154.6350919879265
154.464,153.70093,154.6284544146843
154.333,153.65904,154.58656903870775
154.283,153.55693,154.4844572223015
154.284,153.48067,154.40819379456713
154.203,153.45537,154.3828947223015
154.353,153.40015,154.3276731646843
154.313,153.46951,154.39703961976244
154.394,153.4826,154.41013166077806
154.383,153.5315,154.4590208209343
154.423,153.54613,154.47365399964525
154.223,153.57315,154.50067731507494
154.144,153.45969,154.3872129596062
154.323,153.3531,154.28063031800463
154.283,153.42686,154.35439130433275
154.174,153.44868,154.37621137269213
154.254,153.38213,154.3096525348015
154.263,153.39708,154.32460614808275
154.264,153.41716,154.344686714489
154.233,153.42577,154.35329267152025
154.103,153.40805,154.3355772174187
154.183,153.31718,154.2447111285515
154.093,153.3255,154.25302716859056
154.11299,153.28325,154.2107755816765
154.08301,153.27414,154.2016660846062
153.903,153.25513,154.1826536334343
153.80301,153.13387,154.06139203675463
153.734,153.01396,153.9414884723015
153.783,152.92593,153.85346051819994
153.80301,152.92714,153.85466596253588
153.844,152.94942,153.87694379456713
153.683,152.9843,153.911825386364
153.724,152.89679,153.82431623109056
153.75299,152.87509,153.8026182330437
153.743,152.89323,153.820760933239
153.674,152.89816,153.8256895221062
153.563,152.85474,153.7822630084343
153.434,152.76309,153.69061872132494
153.484,152.64238,153.5699064410515
153.584,152.62524,153.5527708209343
153.733,152.69397,153.6214964068718
153.744,152.82193,153.74945661194994
153.694,152.88171,153.8092405474968
153.654,152.86406,153.7915861285515
153.833,152.8239,153.751424995739
153.883,152.9198,153.8473264849968
153.903,153.00327,153.9307920611687
153.884,153.04517,153.9726926959343
153.94301,153.04424,153.9717619098015
153.94301,153.07666,154.0041868365593
153.864,153.09337,154.02089521058275
153.873,153.04887,153.9764005816765
153.89299,153.03133,153.95885297425463
153.783,153.04091,153.96843549378588
153.843,152.9787,153.90622541077806
153.904,152.98468,153.91220685609056
154.094,153.033,153.9605314410515
154.063,153.1747,154.10222455628588
154.013,153.21756,154.14508649476244
154.01399,153.19107,154.11859723694994
154.024,153.17468,154.1022092974968
153.874,153.17711,154.10463544495775
153.814,153.08688,154.0144102252312
153.634,153.00523,153.93276044495775
153.624,152.86313,153.7906553424187
153.584,152.79639,153.7239133990593
153.674,152.75488,153.6824094928093
153.643,152.79767,153.72519513734056
153.593,152.80266,153.730184761364
153.654,152.7674,153.69492169984056
153.543,152.7873,153.71481916077806
153.564,152.73169,153.6592161334343
153.543,152.71495,153.64247724183275
153.503,152.70036,153.627889839489
153.484,152.66988,153.59740277894213
153.504,152.64441,153.5719358599968
153.53401,152.64786,153.57538434632494
153.643,152.67116,153.59868451722338
153.643,152.75018,153.67770978577806
153.744,152.78572,153.71324750550463
153.763,152.85687,153.78439923890306
153.674,152.89972,153.82724591859056
153.66301,152.85703,153.7845518267937
153.733,152.8249,153.75243207581713
153.644,152.85905,153.786581245739
153.654,152.82416,153.75168439515306
153.524,152.8091,153.73662397034838
153.643,152.72447,153.65199872620775
153.683,152.7592,153.686727730114
153.773,152.81146,153.73898908265306
153.773,152.8886,153.816122261364
153.653,152.91956,153.8470823443718
153.554,152.85051,153.778036323864
153.544,152.75154,153.67906781800463
153.904,152.70564,153.63316938050463
153.894,152.92192,153.8494474566765
153.883,153.02493,153.95245954163744
153.834,153.04198,153.96950360902025
153.684,153.00792,153.93544599183275
153.744,152.89664,153.82416364319994
153.75299,152.88496,153.81249066956713
153.724,152.89877,153.8262998736687
153.59401,152.8883,153.8158323443718
153.574,152.79947,153.72699567444994
153.604,152.74416,153.67168256409838
153.553,152.74648,153.67400190003588
153.684,152.72182,153.64934369691088
153.723,152.79085,153.71837445862963
153.744,152.85146,153.77898236878588
153.744,152.88545,153.81297895081713
153.75299,152.89491,153.82243940003588
153.703,152.90166,153.8291837848015
153.784,152.87315,153.80068036683275
153.823,152.90971,153.8372404254265
153.814,152.95572,153.88324567444994
153.783,152.96814,153.8956663287468
153.883,152.94945,153.87697431214525
153.903,153.00192,153.9294492877312
153.93399,153.04253,153.9700529254265
153.903,153.07573,154.0032560504265
153.80301,153.06795,153.99547406800463
153.744,152.99814,153.9256651080437
153.874,152.9285,153.85602399476244
153.873,152.9847,153.91222211487963
153.933,153.01941,153.9469358599968
153.874,153.06668,153.99420758851244
153.853,153.04825,153.97577497132494
153.744,153.02077,153.94829389222338
153.704,152.9417,153.8692228473015
153.61401,152.8815,153.80902692444994
153.733,152.80505,153.7325803912468
153.783,152.84904,153.776571480114
153.704,152.91026,153.83778974183275
153.843,152.88432,153.8118498004265
154.043,152.95107,153.87859174378588
154.203,153.11232,154.03984662659838
154.094,153.2828,154.2103330767937
154.054,153.27863,154.20615216859056
154.13399,153.23363,154.16115399964525
154.213,153.26408,154.191610542614
154.143,153.33496,154.2624876178093
154.263,153.32242,154.24994489319994
154.313,153.38397,154.31149884827806
154.334,153.44656,154.37409040101244
154.464,153.48343,154.41095563538744
154.513,153.57619,154.50371381409838
154.30301,153.6477,154.5752317584343
154.313,153.54141,154.46893903382494
154.29399,153.48978,154.41730329163744
154.363,153.46545,154.3929807818718
154.403,153.50323,154.43076154359056
154.333,153.5486,154.47612592347338
154.264,153.52184,154.44936200745775
154.304,153.46066,154.3881895221062
154.123,153.45934,154.38686200745775
154.114,153.35223,154.27976056702806
154.153,153.29492,154.2224485553093
154.104,153.30324,154.23076459534838
154.153,153.28232,154.2098447955437
154.213,153.30115,154.2286741412468
154.084,153.34946,154.2769834674187
154.143,153.28943,154.2169553912468
154.13399,153.2919,154.21942731507494
154.08301,153.29428,154.2218076861687
154.004,153.2633,154.1908323443718
153.964,153.19844,154.12596723206713
154.034,153.14531,154.0728361285515
153.903,153.17072,154.09824201234056
153.97299,153.10655,154.03407880433275
153.924,153.1157,154.04323407777025
153.954,153.09633,154.02385541566088
153.873,153.10431,154.03183576234056
153.97299,153.0593,153.9868223346062
154.12401,153.09897,154.0264951861687
154.024,153.21805,154.14557477601244
153.974,153.20793,154.135458198864
153.97299,153.1583,154.0858213580437
153.983,153.13516,154.06268903382494
153.89299,153.13661,154.06413861878588
153.93399,153.08376,154.01128217347338
154.213,153.08339,154.01091596253588
154.413,153.26442,154.19194623597338
154.564,153.47627,154.40379926331713
154.843,153.65157,154.57909223206713
154.874,153.8876,154.81513044007494
154.863,154.00139,154.928915230114
154.333,154.0271,154.9546262896843
154.743,153.70007,154.6275999224968
154.424,153.79976,154.72728559144213
154.503,153.68309,154.61061689027025
154.413,153.66725,154.59477826722338
154.66301,153.61397,154.54149457581713
154.71399,153.74655,154.6740781939812
154.894,153.8457,154.7732298053093
154.79399,153.99129,154.91881391175463
154.834,153.98685,154.91437360413744
154.61299,153.99635,154.92387982972338
154.79399,153.86414,154.7916624224968
154.62401,153.91527,154.84279462464525
154.47299,153.84688,154.77440473206713
154.363,153.71513,154.6426603473015
154.374,153.58958,154.51711103089525
154.243,153.54994,154.47746869691088
153.993,153.46156,154.38908979066088
153.66301,153.26558,154.19310590394213
153.814,152.97221,153.8997404254265
153.873,152.94435,153.87187787659838
153.823,153.00119,153.9287168658562
153.743,152.99759,153.92511579163744
153.79399,152.93658,153.86411115296556
153.554,152.93794,153.86546918519213
153.773,152.79526,153.7227842486687
153.81299,152.86206,153.7895872271843
153.923,152.93666,153.86418744691088
153.783,153.03307,153.96059247620775
153.754,152.9829,153.91042157777025
153.654,152.92921,153.85674115784838
153.244,152.84702,153.7745420611687
153.463,152.55734,153.4848692096062
153.353,152.56055,153.4880735553093
153.404,152.52928,153.45680829652025
153.31401,152.54292,153.47044965394213
153.304,152.49542,153.42294904359056
153.25299,152.46265,153.3901731646843
153.23401,152.42,153.34752484925463
153.053,152.39061,153.31813642152025
152.95401,152.26772,153.19524213441088
152.87401,152.14743,153.0749571002312
152.774,152.05278,152.9803068316765
152.864,151.95758,152.88510724671556
152.773,151.97736,152.90488263734056
152.89401,151.94162,152.8691465533562
153.003,151.99495,152.92247602112963
152.873,152.09425,153.02178022034838
152.934,152.05446,152.98198529847338
152.863,152.05937,152.9868986285515
152.934,152.02371,152.95123883851244
152.543,152.04984,152.97736188538744
152.624,151.82372,152.75124189027025
152.823,151.75537,152.6828977740593
152.934,151.87828,152.80580731995775
152.844,152.01689,152.9444181598015
152.933,152.01132,152.9388487017937
152.913,152.0455,152.9730283892937
152.763,152.05208,152.97960492737963
152.73401,151.95757,152.8850919879265
152.663,151.89153,152.819051948864
152.553,151.8273,152.75482770569994
152.81401,151.73456,152.66208478577806
152.834,151.85959,152.7871153033562
152.903,151.94685,152.87438031800463
152.834,152.01503,152.94255658753588
152.75299,151.99446,152.92198773987963
152.854,151.92491,152.85243817933275
152.933,151.95714,152.88466474183275
153.093,152.03305,152.9605772174187
153.154,152.16664,153.09416791566088
153.223,152.26115,153.188680855114
153.223,152.33427,153.2618009723015
153.104,152.35954,153.287069526989
153.263,152.28963,153.21715375550463
153.103,152.35263,153.2801572955437
153.194,152.29387,153.221395698864
153.204,152.31343,153.24095746644213
153.243,152.33754,153.26506635316088
153.17299,152.37112,153.29865094788744
153.284,152.34079,153.2683164752312
153.274,152.39108,153.3186094439812
153.293,152.41403,153.3415586627312
153.224,152.43085,153.35837384827806
153.11299,152.39334,153.32086774476244
152.773,152.30336,153.23088666566088
152.804,152.0511,152.97862836487963
152.524,151.95488,152.8824064410515
152.424,151.76526,152.6927854693718
152.303,151.61697,152.54450055726244
152.223,151.49063,152.41815778382494
152.17401,151.39442,152.32195111878588
152.123,151.33023,152.25775739319994
152.13301,151.27701,152.20453473694994
152.144,151.26326,152.19078656800463
152.064,151.26942,152.19695111878588
152.004,151.2232,152.15073224671556
151.914,151.16016,152.0876829303093
151.854,151.07816,152.00568219788744
151.73401,151.00726,151.93478986390306
151.704,150.90738,151.83490583069994
151.823,150.84644,151.7739622271843
151.803,150.90384,151.83136579163744
151.673,150.92891,151.85643598206713
151.813,150.85007,151.7775938189812
151.974,150.89261,151.82013532288744
152.024,151.02852,151.95604535706713
152.084,151.122,152.049520698864
152.063,151.1869,152.11443158753588
152.083,151.19446,152.1219846881218
152.003,151.2025,152.13002606995775
152.254,151.157,152.08452436097338
152.103,151.29037,152.2179014361687
152.074,151.27164,152.19916364319994
152.194,151.22324,152.1507627642937
151.99301,151.27785,152.20537397034838
152.084,151.18779,152.1153165973015
152.084,151.18945,152.1169798053093
152.083,151.2049,152.13242169984056
152.17401,151.21086,152.138387886364
152.244,151.26837,152.19589826234056
152.40399,151.34079,152.2683164752312
152.194,151.46939,152.39691754944994
152.173,151.39355,152.3210813678093
152.09401,151.32332,152.25084516175463
152.114,151.25111,152.17864057191088
152.064,151.23701,152.16454145081713
151.994,151.20894,152.13646527894213
151.893,151.1517,152.0792295611687
151.944,151.06268,151.99020978577806
151.87401,151.05666,151.98418256409838
152.024,151.02277,151.95029279359056
152.013,151.09856,152.026083198864
151.893,151.13547,152.0629942096062
151.863,151.06691,151.99443647034838
151.754,151.00752,151.93504926331713
151.85301,150.91998,151.84750959046556
151.844,150.94516,151.8726865924187
151.81401,150.96576,151.89328595765306
151.743,150.95213,151.87965985902025
151.724,150.89728,151.82480451234056
151.81401,150.85901,151.7865354693718
151.804,150.90404,151.83156415589525
151.71301,150.92651,151.8540403521843
151.73401,150.87343,151.80095502503588
151.55301,150.85559,151.7831175006218
151.534,150.74217,151.66969892152025
151.37401,150.67305,151.60057660706713
151.384,150.55536,151.48288556702806
151.253,150.5092,151.436727730114
151.274,150.42154,151.34906598694994
151.33301,150.39368,151.3212034381218
151.224,150.42947,151.35700055726244
151.36299,150.38301,151.31053754456713
151.393,150.43811,151.3656370318718
151.424,150.49399,151.4215147174187
151.483,150.53241,151.45993634827806
151.423,150.58084,151.50836774476244
151.403,150.56326,151.49078961976244
151.384,150.53427,151.4617979205437
151.513,150.51117,151.43869611390306
151.474,150.58463,151.51215192444994
151.54399,150.60233,151.52985211976244
151.513,150.64267,151.5701963580437
151.55301,150.64252,151.57004377015306
151.554,150.66109,151.58861371644213
151.403,150.6723,151.59982892640306
151.364,150.58113,151.50865766175463
151.414,150.50731,151.43483564027025
151.36299,150.51534,151.44286176331713
151.344,150.49884,151.42636701234056
151.35301,150.47554,151.40306684144213
151.463,150.4714,151.3989317096062
151.534,150.54137,151.46889325745775
151.614,150.6226,151.5501310504265
151.644,150.70317,151.6306974566765
151.564,150.75153,151.67905255921556
151.513,150.71503,151.64255353577806
151.543,150.65768,151.5852110064812
151.514,150.65363,151.58115216859056
151.344,150.64288,151.57040998109056
151.33301,150.53117,151.458700386364
151.433,150.46692,151.3944456256218
151.45401,150.51419,151.44171735413744
151.424,150.56107,151.48859235413744
151.384,150.55754,151.485067573864
151.40399,150.52315,151.45067426331713
151.36299,150.51863,151.44615766175463
151.434,150.49654,151.42406293519213
151.504,150.52959,151.4571134723015
151.434,150.59433,151.5218565142937
151.583,150.57857,151.50609418519213
151.513,150.65302,151.58054181702806
151.584,150.65189,151.57941266663744
151.513,150.68327,151.610799995739
151.474,150.65688,151.58440229066088
151.523,150.61372,151.54125043519213
151.394,150.62675,151.5542814410515
151.40399,150.56007,151.48760053284838
151.403,150.52837,151.4558927691765
151.383,150.52238,151.449911323864
151.344,150.51093,151.43845197327806
151.283,150.48083,151.4083616412468
151.244,150.42848,151.35600873597338
151.283,150.38123,151.3087522662468
151.163,150.38895,151.31647321351244
151.183,150.32529,151.2528135455437
151.10399,150.30162,151.22914716370775
151.204,150.25072,151.17824384339525
151.293,150.28893,151.21645185120775
151.37401,150.37299,151.30051252015306
151.244,150.4601,151.38762494691088
151.23401,150.41095,151.33847638734056
151.093,150.36511,151.2926389849968
151.19301,150.26306,151.1905882037468
151.194,150.2788,151.20632001527025
151.153,150.30504,151.23256513245775
150.994,150.28871,151.21623822816088
151.203,150.1764,151.10393354066088
151.204,150.25002,151.17754193909838
151.203,150.30902,151.23654767640306
151.153,150.32474,151.25226422913744
151.163,150.2927,151.2202207721062
151.153,150.28008,151.2076017535515
151.103,150.27318,151.20070478089525
151.123,150.24022,151.16774579652025
151.00299,150.23622,151.16374799378588
150.934,150.16493,151.09245893128588
150.933,150.08394,151.01146527894213
150.99301,150.05254,150.9800626910515
150.963,150.0863,151.0138303912468
150.923,150.08942,151.01694318421556
151.05301,150.05919,150.98671552308275
151.114,150.12386,151.05138227112963
151.00299,150.20158,151.129110542614
150.87401,150.16167,151.0891935504265
150.844,150.04755,150.97507306702806
151.00299,149.97624,150.903768745739
151.023,150.05753,150.98505231507494
151.073,150.12405,151.05158063538744
151.05301,150.17456,151.1020872271843
151.114,150.17827,151.1057951129265
151.034,150.21039,151.13791486390306
150.994,150.17805,151.10558148987963
151.033,150.13065,151.05817243226244
150.933,150.13625,151.06377240784838
150.86299,150.08495,151.01247235902025
150.934,150.0121,150.93962690003588
150.834,150.02658,150.9541074908562
150.924,149.98402,150.91155072816088
151.024,150.01317,150.94069501527025
151.084,150.09883,151.02635785706713
151.103,150.17548,151.10300275452806
151.093,150.21323,151.1407529986687
151.10399,150.21506,151.1425840533562
151.13301,150.21783,151.14536115296556
151.114,150.23816,151.1656858599968
151.123,150.23705,151.16457196839525
151.23401,150.23882,151.1663419879265
151.26399,150.30974,151.237264839489
151.163,150.36569,151.2932188189812
151.224,150.32016,151.2476865924187
151.244,150.32562,151.25314923890306
151.293,150.35007,151.2775938189812
151.304,150.39215,151.31967755921556
151.384,150.41725,151.34477826722338
151.433,150.47366,151.40119001038744
151.41301,150.53043,151.45795270569994
151.46399,150.5388,151.46632978089525
151.494,150.56662,151.4941465533562
151.534,150.59975,151.52727338441088
151.453,150.63794,151.5654661334343
151.463,150.60258,151.5301115191765
151.453,150.5846,151.5121214068718
151.393,150.57564,151.50316449769213
151.323,150.53616,151.46369001038744
151.354,150.47299,151.4005186236687
151.443,150.46548,151.39301129944994
151.383,150.52718,151.45470258362963
151.373,150.52216,151.44968244202806
151.304,150.50246,151.42998334534838
151.35301,150.45062,151.37814923890306
151.41301,150.45714,151.38466474183275
151.423,150.5067,151.43422528870775
151.463,150.537,151.46452924378588
151.504,150.5695,151.497030464489
151.533,150.60773,151.53525373109056
151.564,150.641,151.56853315003588
151.534,150.67215,151.59967633851244
151.604,150.66502,151.59255048402025
151.593,150.70064,151.62816449769213
151.613,150.71431,151.64183637269213
151.663,150.72823,151.65575238831713
151.673,150.76518,151.6927091754265
151.634,150.78879,151.7163145221062
151.614,150.77106,151.69858380921556
151.59401,150.74611,151.67363568909838
151.663,150.72401,151.65154096253588
151.714,150.75961,151.6871397174187
151.81401,150.81342,151.74094220765306
151.783,150.89777,151.82529279359056
151.714,150.91385,151.84137555726244
151.774,150.8664,151.79392072327806
151.854,150.87794,151.80547162659838
151.933,150.94235,151.8698789752312
152.003,151.023,151.9505216754265
152.023,151.09845,152.02597638734056
151.933,151.13808,152.06560346253588
151.934,151.09181,152.01933881409838
151.87401,151.06367,151.99120160706713
151.894,151.01993,151.94745465882494
151.753,151.01405,151.94158002503588
151.804,150.92958,151.85710736878588
151.793,150.9177,151.8452207721062
151.813,150.91788,151.84540387757494
151.794,150.931,151.8585264361687
151.87401,150.92538,151.8529112017937
151.963,150.9701,151.8976194537468
151.963,151.0499,151.9774229205437
151.934,151.08392,152.01145002015306
151.923,151.07149,151.99901410706713
151.924,151.054,151.9815275348015
152.024,151.04837,151.97589704163744
152.083,151.11105,152.0385801471062
152.114,151.18112,152.1086485064812
152.143,151.22675,152.15427228577806
151.984,151.25835,152.1858732379265
151.974,151.1693,152.09682294495775
151.934,151.11304,152.0405637896843
151.90399,151.07362,152.00115033753588
151.924,151.04248,151.9700071490593
151.963,151.04422,151.97174665101244
151.924,151.07355,152.00107404359056
151.95401,151.06325,151.99077436097338
151.924,151.07176,151.99928876527025
151.903,151.05925,151.986776558239
151.984,151.0382,151.96571942933275
151.963,151.08008,152.0076048053093
151.99301,151.09177,152.0192930377312
152.043,151.10971,152.0372373736687
152.023,151.1489,152.0764219439812
151.884,151.154,152.08153363831713
151.944,151.06409,151.9916135943718
151.894,151.05476,151.98229047425463
151.873,151.03314,151.96066877015306
151.914,151.00923,151.93675824769213
151.864,151.02557,151.95310041077806
151.923,151.00601,151.93353864319994
151.974,151.02965,151.95717450745775
151.974,151.07693,152.00446149476244
151.974,151.09729,152.0248167193718
151.924,151.10066,152.02818891175463
151.914,151.06862,151.99614545472338
151.924,151.04568,151.97321149476244
151.87401,151.0454,151.97292157777025
151.994,151.0173,151.9448301471062
152.023,151.07756,152.005087105114
152.014,151.13109,152.05861493714525
152.113,151.14316,152.0706846392937
152.263,151.20369,152.13121625550463
152.37401,151.32771,152.25523969300463
152.414,151.45184,152.37936994202806
152.433,151.52254,152.45006391175463
152.224,151.5539,152.48142072327806
152.093,151.43094,152.35846540101244
152.09401,151.28282,152.21034833558275
152.163,151.22678,152.1543028033562
152.17401,151.26306,152.1905882037468
152.19301,151.29512,152.22264691956713
152.154,151.31645,152.2439787066765
152.114,151.29784,152.22536298402025
152.154,151.26009,152.18761273987963
152.124,151.26883,152.19635602601244
152.084,151.26027,152.18779584534838
152.113,151.22908,152.15660688050463
152.064,151.23244,152.15996381409838
152.084,151.20813,152.1356565631218
151.95401,151.20714,152.13466474183275
152.023,151.12903,152.0565550006218
152.033,151.13152,152.059042183239
151.933,151.15115,152.07868024476244
151.844,151.09726,152.0247862017937
151.813,151.01039,151.93791791566088
151.784,150.95439,151.8819181598015
151.68399,150.92023,151.84775373109056
151.643,150.8476,151.77512189515306
151.563,150.78836,151.71588727601244
151.554,150.71829,151.64581891663744
151.403,150.68422,151.61174604066088
151.393,150.58235,151.50987836487963
151.45401,150.52661,151.4541380084343
151.36299,150.55156,151.4790861285515
151.403,150.51518,151.4427091754265
151.444,150.5154,151.44292279847338
151.41301,150.54716,151.4746915973015
151.424,150.54362,151.471151558239
151.414,150.54312,151.47064801819994
151.434,150.53761,151.46513959534838
151.46399,150.54727,151.47479840882494
151.46399,150.57207,151.4995939410515
151.503,150.58339,151.51091596253588
151.564,150.6097,151.53722211487963
151.55301,150.66013,151.5876524127312
151.474,150.67554,151.6030637896843
151.453,150.62646,151.5539915240593
151.484,150.58592,151.51344892152025
151.634,150.59265,151.5201780474968
151.614,150.69629,151.6238157428093
151.613,150.73604,151.66356488831713
151.603,150.73907,151.66660138734056
151.524,150.72932,151.65685102112963
151.604,150.6752,151.60272809632494
151.543,150.69887,151.62639447816088
151.573,150.68219,151.60971662171556
151.593,150.68755,151.6150724566765
151.533,150.70583,151.63335248597338
151.513,150.67668,151.604208198864
151.503,150.64594,151.57346173890306
151.343,150.62865,151.55617353089525
151.283,150.52448,151.45200177796556
151.27301,150.43442,151.3619444049187
151.334,150.39787,151.325399605114
151.194,150.43027,151.3577940142937
151.233,150.36438,151.2919065631218
151.204,150.34709,151.274618355114
151.224,150.3313,151.2588255084343
151.293,150.33707,151.26459333069994
151.313,150.38548,151.31300946839525
151.253,150.42201,151.34953900941088
151.313,150.3955,151.32301923402025
151.35301,150.4134,151.34093305237963
151.443,150.45311,151.38063642152025
151.453,150.52693,151.45445844300463
151.393,150.56561,151.49313947327806
151.433,150.53676,151.46428510316088
151.483,150.54137,151.46889325745775
151.59401,150.58084,151.50836774476244
151.483,150.67006,151.59758588441088
151.503,150.64104,151.568563667614
151.59401,150.62415,151.5516721881218
151.533,150.67851,151.6060392535515
151.423,150.67152,151.59905072816088
151.503,150.5902,151.51772138245775
151.453,150.59937,151.5268919146843
151.523,150.58661,151.51413556702806
151.443,150.62091,151.54843732484056
151.443,150.59106,151.5185911334343
151.543,150.56924,151.49677106507494
151.584,150.62573,151.5532591021843
151.59401,150.68413,151.6116544879265
151.434,150.71117,151.63869306214525
151.494,150.61667,151.5441953814812
151.473,150.60083,151.5283567584343
151.563,150.59595,151.5234739459343
151.614,150.65108,151.57860395081713
151.563,150.71228,151.6398069537468
151.533,150.70299,151.63051435120775
151.444,150.67,151.59752484925463
151.393,150.59967,151.52719709046556
151.403,150.53647,151.4639951861687
151.414,150.52097,151.4484922564812
151.334,150.52922,151.456747261364
151.313,150.48497,151.41249677308275
151.263,150.44647,151.37399884827806
151.373,150.40231,151.3298399127312
151.303,150.45341,151.3809415973015
151.373,150.44336,151.3708860553093
151.383,150.47208,151.39960309632494
151.40399,150.49576,151.42328473694994
151.564,150.51622,151.44374677308275
151.663,150.6235,151.5510313189812
151.663,150.73853,151.6660520709343
151.523,150.7812,151.70873090394213
151.424,150.69919,151.6267149127312
151.564,150.5894,151.5169279254265
154.363,150.63411,151.56163617737963
154.343,152.46861,153.39613935120775
154.29399,153.28975,154.21727582581713
154.313,153.44774,154.37526532777025
154.44301,153.45241,154.37993451722338
154.573,153.52899,154.45651837952806
154.413,153.65747,154.5849973834343
154.263,153.6164,154.54392072327806
154.213,153.49232,154.41985150941088
154.144,153.40718,154.33470746644213
154.203,153.33766,154.26518842347338
154.194,153.35057,154.27809735902025
154.333,153.35791,154.2854368365593
154.29399,153.44609,154.3736173785515
154.284,153.46213,154.3896543658562
154.564,153.45375,154.38127729066088
154.564,153.62393,154.55145856507494
154.463,153.7059,154.6334287799187
154.444,153.66452,154.5920469439812
154.493,153.6248,154.5523283160515
154.543,153.64207,154.56960126527025
154.513,153.6868,154.61432477601244
154.453,153.68767,154.615194526989
154.453,153.64578,154.57330915101244
154.43399,153.62573,154.5532591021843
154.413,153.60893,154.5364591754265
154.47299,153.58992,154.51744672425463
154.513,153.62003,154.54755231507494
154.61299,153.66113,154.5886594928093
154.71399,153.73996,154.6674863971062
154.693,153.83615,154.7636778033562
154.464,153.86058,154.78810712464525
154.39299,153.71988,154.64740583069994
154.313,153.60637,154.533895698864
154.313,153.51756,154.44508954652025
154.244,153.48746,154.41498395569994
154.353,153.43849,154.36601850159838
154.424,153.48532,154.4128477252312
154.414,153.55632,154.483846870739
154.49399,153.57803,154.50556012757494
154.444,153.63057,154.55809613831713
154.374,153.6221,154.54962751038744
154.343,153.56929,154.49681684144213
154.30301,153.52599,154.45351239808275
154.30301,153.4863,154.4138242877312
154.394,153.472,154.39952680237963
154.404,153.52617,154.4536955035515
154.404,153.55927,154.48679181702806
154.383,153.56883,154.49635907777025
154.413,153.55656,154.484091011364
154.21399,153.56874,154.49626752503588
154.243,153.45168,154.37920209534838
154.29399,153.41238,154.33991071351244
154.254,153.43832,154.3658506549187
154.353,153.42967,154.35719892152025
154.423,153.48405,154.411581245739
154.444,153.5543,154.48183271058275
154.403,153.59499,154.52251264222338
154.483,153.58134,154.5088712848015
154.403,153.62114,154.5486662066765
154.39299,153.59209,154.5196134723015
154.573,153.56831,154.49584027894213
154.524,153.67323,154.60075971253588
154.43399,153.69496,154.62248822816088
154.383,153.63814,154.56566449769213
154.39299,153.57675,154.5042783892937
154.373,153.5602,154.48772260316088
154.283,153.54662,154.47414228089525
154.133,153.48523,154.4127561724968
154.103,153.3628,154.2903196490593
154.133,153.29114,154.2186643756218
154.193,153.28856,154.21608564027025
154.104,153.33209,154.25961896546556
154.164,153.29633,154.22385236390306
154.164,153.31093,154.23845502503588
154.233,153.32161,154.24913617737963
154.194,153.36835,154.29587384827806
154.15399,153.36508,154.2926084674187
154.15399,153.33339,154.26091596253588
154.044,153.31868,154.24620648987963
154.07399,153.24649,154.17401715882494
154.01399,153.23209,154.15961286194994
153.904,153.19548,154.123007026989
153.894,153.11005,154.03757306702806
153.79399,153.06589,153.9934141314812
153.723,152.99112,153.91864606507494
153.61401,152.91457,153.84209272034838
153.653,152.81683,153.74436017640306
153.77399,152.80157,153.72910138734056
153.783,152.88089,153.80841657288744
153.853,152.92564,153.85317060120775
153.883,152.98097,153.90849897034838
153.81299,153.02121,153.9487363971062
154.034,152.99083,153.91835614808275
154.003,153.11072,154.0382444537468
153.99399,153.15338,154.08090802796556
153.974,153.1551,154.08263227112963
154.063,153.13907,154.06659528382494
154.073,153.18774,154.1152708209343
153.964,153.21996,154.14748212464525
154.103,153.16203,154.089559761364
154.133,153.21768,154.14520856507494
154.133,153.27026,154.1977903521843
154.123,153.28947,154.217001167614
154.003,153.28667,154.2141935504265
154.073,153.20836,154.13588544495775
154.044,153.21512,154.14264508851244
154.063,153.20938,154.13690778382494
154.064,153.21764,154.14516278870775
154.073,153.22253,154.1500608599968
154.144,153.22937,154.1568967974968
154.15399,153.27657,154.20409223206713
154.053,153.3048,154.23232099183275
154.034,153.24997,154.1774961627312
154.08301,153.20859,154.1361143267937
154.144,153.22588,154.1534025348015
154.123,153.2773,154.20482465394213
154.233,153.28665,154.21417829163744
154.273,153.35414,154.28166791566088
154.16301,153.41061,154.3381406939812
154.174,153.36177,154.28929731019213
154.104,153.33936,154.2668821490593
154.16301,153.29073,154.21825238831713
154.213,153.3072,154.23473188050463
154.223,153.35185,154.2793790973015
154.174,153.3774,154.30492231019213
154.223,153.35374,154.28127118714525
154.234,153.3703,154.29782697327806
154.204,153.38803,154.3155576861687
154.243,153.37617,154.30370160706713
154.244,153.39304,154.3205625689812
154.213,153.40317,154.3306944049187
154.254,153.38689,154.314413276989
154.364,153.40372,154.33124372132494
154.424,153.4827,154.41022321351244
154.39299,153.55623,154.48375531800463
154.454,153.5635,154.49103376038744
154.454,153.59767,154.52519818909838
154.493,153.61385,154.54137250550463
154.44301,153.64316,154.5706846392937
154.47299,153.62459,154.55211469300463
154.414,153.6319,154.55942365296556
154.433,153.6007,154.52821942933275
154.423,153.5972,154.52472516663744
154.404,153.59259,154.52011701234056
154.44301,153.57883,154.5063535846062
154.49399,153.59702,154.5245420611687
154.404,153.63898,154.56650373109056
154.413,153.60056,154.5280821002312
154.394,153.58337,154.5109007037468
154.30301,153.56743,154.4949552691765
154.373,153.50485,154.4323789752312
154.293,153.52034,154.44786664612963
154.313,153.4841,154.4116270221062
154.273,153.47728,154.40480634339525
154.233,153.45242,154.37994977601244
154.223,153.41591,154.34343549378588
154.254,153.39452,154.32204267152025
154.184,153.40741,154.33493634827806
154.21399,153.37173,154.29926129944994
154.313,153.3716,154.29912397034838
154.274,153.43729,154.36481305726244
154.16301,153.4441,154.37163373597338
154.17299,153.3706,154.2981321490593
154.203,153.34071,154.26824018128588
154.243,153.35359,154.28111859925463
154.17299,153.3882,154.31572553284838
154.184,153.35913,154.2866575396843
154.13399,153.34789,154.27541181214525
154.164,153.31433,154.2418577349968
154.224,153.3183,154.24582502015306
154.273,153.36145,154.2889768756218
154.313,153.41223,154.3397581256218
154.333,153.45667,154.3841917193718
154.374,153.485,154.41252729066088
154.274,153.5198,154.44733258851244
154.29399,153.47134,154.39887067444994
154.344,153.45744,154.384969917614
154.283,153.48787,154.41539594300463
154.263,153.46596,154.39348432191088
154.29399,153.43954,154.3670713580437
154.243,153.44856,154.37608930237963
154.193,153.42381,154.35133954652025
154.213,153.3795,154.30702802308275
154.333,153.37323,154.30075666077806
154.324,153.45026,154.37778302796556
154.233,153.4818,154.40932294495775
154.283,153.4313,154.35883161194994
154.383,153.43492,154.36244794495775
154.464,153.50531,154.43283673890306
154.51399,153.58955,154.51708051331713
154.483,153.65343,154.58095380433275
154.504,153.6557,154.58322736390306
154.53299,153.66385,154.59137555726244
154.543,153.68651,154.61403485902025
154.483,153.70348,154.63100263245775
154.44301,153.67204,154.599569526989
154.43399,153.63051,154.55803510316088
154.394,153.60857,154.536092964489
154.333,153.57755,154.50507184632494
154.363,153.52664,154.45416852601244
154.384,153.524,154.45152875550463
154.344,153.54095,154.46848127015306
154.324,153.5238,154.4513303912468
154.364,153.50081,154.42833539612963
154.363,153.51648,154.4440061724968
154.364,153.52576,154.4532835162468
154.304,153.529,154.45653363831713
154.314,153.49185,154.41937848694994
154.424,153.47997,154.40749189027025
154.413,153.54736,154.4748899615593
154.464,153.5738,154.50133344300463
154.543,153.61105,154.5385801471062
154.51399,153.67548,154.60300275452806
154.563,153.6844,154.61192914612963
154.51399,153.7131,154.6406309283562
154.49399,153.69566,154.62319013245775
154.48401,153.67247,154.59999677308275
154.454,153.65738,154.58490583069994
154.453,153.6341,154.56162091859056
154.513,153.62395,154.551473823864
154.48401,153.659,154.58652326234056
154.464,153.65833,154.5858518756218
154.413,153.64159,154.56911298402025
154.403,153.60162,154.52915021546556
154.394,153.57814,154.50566693909838
154.413,153.56555,154.4930784381218
154.48401,153.57379,154.50131818421556
154.433,153.62323,154.55075666077806
154.433,153.61362,154.5411436236687
154.35399,153.60365,154.53117963441088
154.35399,153.55048,154.47800275452806
154.334,153.52634,154.4538633502312
154.373,153.50801,154.43553754456713
154.384,153.52612,154.4536497271843
154.374,153.54323,154.47075482972338
154.483,153.54283,154.47035810120775
154.403,153.60893,154.5364591754265
154.334,153.59035,154.51787397034838
154.464,153.53148,154.45900556214525
154.424,153.58696,154.5144865191765
154.573,153.59492,154.52245160706713
154.75299,153.68636,154.61388227112963
154.94301,153.8415,154.76903363831713
154.694,154.02443,154.95195600159838
154.433,153.93965,154.86717816956713
154.274,153.71953,154.6470548785515
154.164,153.52419,154.45171186097338
154.15399,153.38629,154.31381818421556
154.024,153.3348,154.26231977112963
154.104,153.24191,154.1694395221062
154.244,153.2506,154.17812177308275
154.283,153.35112,154.2786466754265
154.453,153.4212,154.34873029359056
154.25299,153.54942,154.47694989808275
154.493,153.47769,154.40521833069994
154.493,153.58072,154.50824567444994
154.444,153.63835,154.565878120739
154.374,153.62532,154.55284711487963
154.324,153.56961,154.49713727601244
154.403,153.51372,154.4412443316765
154.39299,153.54306,154.4705869830437
154.284,153.55688,154.4844114459343
154.293,153.49178,154.41930219300463
154.224,153.46425,154.39177533753588
154.25299,153.41476,154.3422910846062
154.453,153.41205,154.33957502015306
154.543,153.5413,154.4688322223015
154.503,153.65892,154.58644696839525
154.47299,153.6757,154.603231636364
154.503,153.65279,154.58031293519213
154.284,153.65974,154.58727094300463
154.034,153.52957,154.45709821351244
154.143,153.31053,154.23805829652025
154.11299,153.28702,154.21454450257494
154.84401,153.28116,154.20868512757494
155.304,153.74025,154.66777631409838
154.79399,154.24136,155.16889020569994
154.884,154.10965,155.03717633851244
155.25299,154.05722,154.9847471392937
155.474,154.2789,155.2064268267937
155.643,154.52945,155.45697614319994
155.423,154.73174,155.6592619098015
155.683,154.66612,155.59364911683275
155.84401,154.78244,155.7099668658562
155.863,154.94368,155.87120648987963
155.784,155.022,155.94952985413744
155.744,154.9964,155.92392560609056
155.66301,154.9543,155.88182660706713
155.623,154.88802,155.81554242737963
155.52301,154.83754,155.76506635316088
155.734,154.7579,155.6854307330437
156.07399,154.85745,155.78497907288744
156.043,155.12137,156.04889508851244
156.044,155.21185,156.13937970765306
156.144,155.2328,156.16033002503588
156.08301,155.29718,156.22470685609056
155.84401,155.28845,156.2159788287468
155.864,155.13304,156.06056806214525
155.923,155.07602,156.0035459674187
157.383,155.09984,156.02736493714525
157.254,156.03354,156.9610654986687
156.894,156.34181,157.26933881409838
156.444,156.20584,157.13336774476244
156.584,155.84436,156.7718870318718
156.43399,155.78206,156.70958539612963
156.544,155.6922,156.61972638734056
156.42401,155.72833,156.65585919984056
156.114,155.6735,156.60101911194994
155.913,155.45306,156.38059064515306
155.773,155.23036,156.15788861878588
155.84401,155.05759,155.9851133502312
155.653,155.0405,155.9680235064812
155.683,154.92574,155.85326215394213
155.34401,154.89117,155.81870099671556
155.234,154.67073,155.59825727112963
155.134,154.50157,155.42909833558275
155.044,154.37816,155.30568524964525
155.234,154.27887,155.20639630921556
155.333,154.3611,155.28862592347338
155.353,154.46805,155.39557477601244
155.264,154.52072,155.4482481158562
155.223,154.4786,155.4061338580437
154.913,154.42854,155.35606977112963
155.043,154.2162,155.14372846253588
155.374,154.20302,155.13054486878588
155.483,154.42482,155.35234662659838
155.404,154.59547,155.52300092347338
155.404,154.6038,155.5313322223015
155.413,154.59192,155.5194456256218
155.65399,154.59212,155.51964398987963
155.814,154.7459,155.6734220660515
155.814,154.91692,155.844442573864
155.854,154.98238,155.90990277894213
155.88301,155.02348,155.9510099566765
155.66301,155.05576,155.9832822955437
155.274,154.93192,155.85944196351244
155.353,154.6317,155.55922528870775
155.12401,154.55214,155.47966596253588
155.324,154.39932,155.32684919007494
155.403,154.46022,155.38774701722338
155.313,154.54898,155.47650739319994
155.173,154.52655,155.45407697327806
155.44301,154.41919,155.3467161334343
155.423,154.53964,155.4671690142937
155.343,154.59245,155.519979683239
155.504,154.55682,155.48435041077806
155.374,154.63562,155.5631467974968
155.25299,154.59404,155.5215665973015
155.284,154.49336,155.42088910706713
155.114,154.46947,155.39699384339525
155.004,154.36168,155.28920575745775
154.833,154.24486,155.17238446839525
154.994,154.09233,155.0198576129265
154.954,154.13193,155.0594541705437
154.693,154.13896,155.0664884723015
154.564,153.97417,154.9016935504265
154.61299,153.81299,154.7405149615593
154.804,153.7829,154.71042462952806
154.80301,153.90471,154.832235542614
154.763,153.96286,154.8903867877312
154.863,153.95169,154.87921735413744
154.733,154.00243,154.92995282777025
154.774,153.94643,154.87395307191088
154.774,153.94131,154.86884137757494
154.924,153.9447,154.8722288287468
155.063,154.04123,154.9687559283562
155.193,154.17299,155.10051557191088
155.174,154.3064,155.2339231646843
155.143,154.34427,155.27179547913744
155.224,154.33105,155.2585813678093
155.173,154.37321,155.300741401989
155.223,154.36359,155.29111310609056
155.164,154.3876,155.31513044007494
155.234,154.36305,155.29057904847338
155.194,154.39368,155.3212034381218
155.44301,154.38516,155.31268903382494
155.594,154.53464,155.4621641314812
155.553,154.69832,155.62584516175463
155.58301,154.73506,155.66258832581713
155.51399,154.75694,155.68446942933275
155.483,154.72156,155.6490842974968
155.593,154.68575,155.61327191956713
155.48401,154.74207,155.6695921099968
155.44301,154.70349,155.6310178912468
155.563,154.65558,155.58310529359056
155.70401,154.71135,155.638876167614
155.74301,154.82936,155.75688764222338
155.773,154.90279,155.83031293519213
155.914,154.94498,155.87250348694994
155.97299,155.04623,155.9737608111687
156.234,155.12631,156.0538389361687
156.333,155.31851,156.24603864319994
156.384,155.46048,156.38800641663744
156.273,155.54285,156.4703733599968
156.533,155.50134,156.4288694537468
156.513,155.64037,156.56789228089525
156.534,155.69385,156.6213743365593
156.453,155.7234,156.65093061097338
156.534,155.68246,156.6099912799187
156.44301,155.71364,156.64116498597338
156.324,155.67444,156.6019651568718
156.433,155.58203,156.5095579303093
156.474,155.61096,156.5384885943718
156.563,155.65587,156.58339521058275
156.474,155.72939,156.65691205628588
156.543,155.70273,156.6302549517937
156.42401,155.72865,156.65617963441088
156.34401,155.66786,156.59538861878588
156.373,155.59035,156.51787397034838
156.313,155.57784,156.50536176331713
156.393,155.5407,156.468221870739
156.363,155.57475,156.5022794879265
156.493,155.57297,156.5004942096062
156.613,155.65045,156.57797834046556
156.714,155.75877,156.68630048402025
156.694,155.86423,156.7917539752312
156.824,155.89107,156.81859418519213
156.84401,155.97717,156.9046995318718
156.88301,156.0262,156.95372602112963
156.713,156.06807,156.99559613831713
156.58301,155.97871,156.90624066956713
156.46301,155.8571,156.784628120739
156.58301,155.73483,156.6623594439812
156.584,155.7641,156.69162580140306
156.544,155.78572,156.71324750550463
156.533,155.76796,156.69548627503588
156.62401,155.75015,156.67767926819994
156.693,155.7993,156.72682782777025
156.653,155.86499,156.7925169146843
156.68301,155.86598,156.79350873597338
156.60301,155.88057,156.80809613831713
156.553,155.83725,156.7647764361687
156.66301,155.78687,156.7143919146843
156.70401,155.83592,156.76344892152025
156.56401,155.88658,156.81410810120775
156.364,155.81909,156.7466184771843
156.474,155.66127,156.58879682191088
156.544,155.6633,156.5908262408562
156.633,155.71906,156.64658185609056
156.824,155.79927,156.72679731019213
156.903,155.94821,156.8757383502312
156.94301,156.05629,156.98381635316088
157.084,156.11922,157.04674359925463
156.954,156.22766,157.1551878131218
156.974,156.19176,157.11928388245775
157.02301,156.18384,157.1113645709343
157.024,156.2133,157.140829292614
156.964,156.22888,157.1564085162468
156.903,156.19736,157.1248838580437
157.004,156.14488,157.07240888245775
157.034,156.18645,157.113973823864
156.944,156.22646,157.15398236878588
156.96301,156.18608,157.1136076129265
157.004,156.17723,157.10475751527025
157.084,156.20084,157.12836286194994
156.994,156.26176,157.1892912066765
157.003,156.23114,157.15866681702806
156.983,156.21979,157.14731427796556
156.993,156.20386,157.1313841021843
157.04301,156.20451,157.132040230114
157.073,156.23676,157.16428205140306
157.093,156.26926,157.1967832721062
157.06299,156.29376,157.22128888734056
157.024,156.28378,157.2113096392937
157.004,156.25406,157.18158551819994
157.093,156.22954,157.1570646441765
156.934,156.27606,157.20358869202806
156.824,156.19955,157.1270811236687
156.764,156.09552,157.02304669984056
156.724,156.01636,156.9438841021843
156.79399,155.96358,156.89110395081713
156.913,155.98866,156.91618940003588
156.954,156.07594,157.00346967347338
157.004,156.13692,157.06444379456713
156.913,156.18832,157.1158506549187
156.853,156.15022,157.07774945862963
156.88301,156.09384,157.0213682330437
157.004,156.09044,157.01796552308275
157.01399,156.1683,157.0958311236687
157.12401,156.20885,157.13637372620775
157.114,156.2898,157.2173216021843
157.024,156.31563,157.24315473206713
156.804,156.2672,157.19472333558275
156.88301,156.10884,157.03636762269213
156.813,156.09169,157.01921674378588
156.873,156.05101,156.97853681214525
156.853,156.07225,156.99977704652025
156.893,156.07014,156.99767133362963
156.873,156.09218,157.01970502503588
156.864,156.08868,157.01621076234056
156.824,156.08018,157.00771161683275
156.84401,156.05173,156.9792539752312
156.863,156.05232,156.97984906800463
156.853,156.06613,156.9936582721062
156.82301,156.06606,156.99358197816088
156.874,156.04639,156.9739133990593
156.83301,156.06917,156.99669477112963
156.733,156.05492,156.98244306214525
156.633,155.9856,156.9131223834343
156.534,155.89365,156.8211729205437
156.574,155.79597,156.72350141175463
156.70401,155.78363,156.71115705140306
156.753,155.86508,156.7926084674187
156.774,155.93138,156.85890790589525
156.714,155.96732,156.89484235413744
156.613,155.94078,156.86830731995775
156.604,155.86432,156.79184552796556
156.534,155.8271,156.75462934144213
156.464,155.7728,156.7003233111687
156.333,155.70813,156.6356565631218
156.213,155.6011,156.52863141663744
156.214,155.48259,156.410116401989
156.32301,155.43692,156.36444684632494
156.404,155.49226,156.41979047425463
156.30301,155.56969,156.49721356995775
156.524,155.53625,156.4637815631218
156.60301,155.65237,156.57990094788744
156.493,155.75458,156.68210431702806
156.554,155.72481,156.65233441956713
156.573,155.7425,156.67001935609056
156.754,155.7644,156.6919309771843
156.724,155.88689,156.814413276989
156.834,155.92084,156.84836408265306
156.864,155.99678,156.92430707581713
156.864,156.04611,156.9736387408562
156.863,156.0642,156.99172040589525
156.96301,156.06902,156.996542183239
156.964,156.13275,157.06027814515306
156.983,156.16159,157.0891172564812
157.003,156.18286,157.1103880084343
157.093,156.20274,157.13027021058275
157.133,156.26639,157.19391461976244
157.114,156.318,157.2455198443718
157.033,156.32549,157.2530119098015
157.093,156.2759,157.20342084534838
157.02301,156.29138,157.2189085162468
157.073,156.25821,157.18573590882494
156.96301,156.27466,157.2021848834343
156.98401,156.21523,157.14275190003588
156.954,156.20163,157.1291563189812
156.98401,156.18005,157.1075803912468
157.033,156.19035,157.117880073864
157.12401,156.22597,157.15349408753588
157.133,156.29695,157.22447797425463
157.184,156.33086,157.2583830035515
157.244,156.37299,157.30051252015306
157.343,156.42627,157.3537962115593
157.383,156.50871,157.436239448864
157.28401,156.5664,157.4939329303093
157.42401,156.5264,157.45392438538744
157.48401,156.59294,157.520467964489
157.64299,156.66096,157.58849164612963
157.613,156.78613,157.7136594928093
157.524,156.81715,157.74468061097338
157.534,156.77023,157.6977598346062
157.474,156.75482,157.68234845765306
157.42401,156.71472,157.6422483599968
157.434,156.66887,157.596395698864
157.464,156.65741,157.58493634827806
157.353,156.67331,157.6008360064812
157.293,156.61214,157.53966352112963
157.274,156.54759,157.47511884339525
157.313,156.5105,157.4380247271843
157.224,156.52226,157.4497892535515
157.28299,156.47417,157.4016935504265
157.324,156.48874,157.4162656939812
157.473,156.52191,157.44943830140306
157.443,156.62755,157.55507489808275
157.364,156.65186,157.5793821490593
157.274,156.60832,157.535848823864
157.214,156.53241,157.45993634827806
157.323,156.46564,157.39316388734056
157.28299,156.50908,157.4366056598015
157.294,156.50685,157.43437787659838
157.274,156.5103,157.4378263629265
157.194,156.49828,157.42580243714525
157.133,156.4435,157.37102338441088
157.153,156.3827,157.31023236878588
157.22299,156.3717,157.2992307818718
157.303,156.41371,157.34123822816088
157.263,156.4817,157.40923139222338
157.254,156.48335,157.41087934144213
157.194,156.47438,157.40190717347338
157.213,156.43304,157.36057111390306
157.273,156.42807,157.3555967486687
157.28401,156.46555,157.3930723346062
157.243,156.48906,157.4165861285515
157.254,156.4717,157.39922162659838
157.133,156.46933,157.3968565142937
157.02301,156.39456,157.32208844788744
157.033,156.29478,157.22231122620775
157.06401,156.2615,157.18903180726244
157.024,156.27216,157.19968244202806
157.01399,156.25381,157.18134137757494
156.904,156.23811,157.16564008362963
156.98401,156.16335,157.09087201722338
156.944,156.18092,157.10845014222338
156.904,156.16785,157.0953733599968
156.863,156.13663,157.06415387757494
156.854,156.0975,157.0250303424187
156.753,156.07645,157.00397321351244
156.734,156.00693,156.9344541705437
156.713,155.96573,156.89325544007494
156.824,155.93837,156.86589643128588
156.824,155.99773,156.925253120739
156.813,156.02475,156.9522764361687
156.763,156.02574,156.95326825745775
156.80301,155.99274,156.92026349671556
156.88301,156.00305,156.9305784381218
156.904,156.05951,156.98703595765306
156.92401,156.09692,157.0244505084343
156.98401,156.12216,157.0496885455437
156.973,156.16782,157.0953428424187
157.004,156.17967,157.10719892152025
157.033,156.20189,157.12941571839525
157.02301,156.229,157.1565305865593
157.073,156.2339,157.16142865784838
157.073,156.26572,157.1932432330437
157.164,156.2794,157.20693036683275
157.113,156.34029,157.26781293519213
157.184,156.33435,157.2618772662468
157.28299,156.37274,157.30026837952806
157.243,156.4507,157.37822553284838
157.374,156.45819,157.38571759827806
157.314,156.53844,157.46596356995775
157.364,156.53528,157.4628050006218
157.234,156.5617,157.48923322327806
157.264,156.49292,157.4204466021843
157.28401,156.4814,157.40892621644213
157.244,156.49246,157.41998883851244
157.263,156.47397,157.4014951861687
157.364,156.47687,157.40439435609056
157.353,156.54102,157.4685423053093
157.354,156.56161,157.4891416705437
157.42401,156.56776,157.49529096253588
157.544,156.61206,157.5395872271843
157.374,156.70511,157.63263532288744
157.174,156.63838,157.56590863831713
157.254,156.4822,157.40971967347338
157.234,156.46689,157.3944151080437
157.20299,156.45749,157.3850156939812
157.214,156.43608,157.3636076129265
157.263,156.4328,157.36032697327806
157.293,156.46194,157.38947126038744
157.213,156.49284,157.420370308239
157.20299,156.45497,157.38249799378588
157.174,156.43051,157.3580381549187
157.274,156.40388,157.33141156800463
157.233,156.45612,157.38364240296556
157.263,156.45462,157.38214704163744
157.22299,156.46977,157.3972990191765
157.133,156.45091,157.37843915589525
157.213,156.38675,157.31427594788744
157.303,156.40941,157.33693524964525
157.213,156.47847,157.40599652894213
157.214,156.45177,157.37929364808275
157.234,156.43669,157.364217964489
157.274,156.44327,157.37079450257494
157.314,156.47234,157.399862495739
157.254,156.50938,157.43691083558275
157.19301,156.48663,157.41415998109056
157.214,156.43715,157.36467572816088
157.163,156.42986,157.357382026989
157.134,156.39835,157.32587262757494
157.02301,156.36757,157.29509565003588
157.003,156.2869,157.21442243226244
156.933,156.24098,157.16850873597338
156.863,156.1819,157.10942670472338
156.884,156.11539,157.04291364319994
156.68301,156.10207,157.02959272034838
156.713,155.97514,156.9026701129265
156.80301,155.93811,156.8656370318718
156.843,155.9845,156.9120237506218
156.834,156.03195,156.9594785846062
156.74301,156.04332,156.97084638245775
156.874,155.98798,156.91550275452806
156.934,156.04395,156.9714719928093
156.923,156.10916,157.03668805726244
156.974,156.12819,157.05571576722338
157.074,156.16374,157.091268745739
157.14299,156.23993,157.16745587952806
157.183,156.31421,157.2417356646843
157.183,156.36723,157.2947599566765
157.213,156.38625,157.31377240784838
157.15399,156.41061,157.3381406939812
157.114,156.3844,157.3119260943718
157.224,156.3479,157.2754270709343
157.404,156.40193,157.32945844300463
157.34401,156.53903,157.4665586627312
162.653,156.55803,157.485555855114
162.723,159.88173,160.80925580628588
162.784,160.91898,161.84650251038744
162.674,161.42337,162.35089704163744
162.704,161.50931,162.43683454163744
162.793,161.5917,162.51923200257494
162.783,161.69347,162.62099286683275
162.744,161.74329,162.6708128131218
162.804,161.75085,162.6783811724968
162.754,161.79268,162.72020551331713
162.673,161.78186,162.7093870318718
162.684,161.73712,162.66464826234056
162.683,161.72852,162.6560423053093
162.673,161.72464,162.65216657288744
162.644,161.71855,162.6460783160515
162.614,161.69997,162.62749311097338
162.674,161.67651,162.6040403521843
162.713,161.70145,162.62897321351244
162.773,161.73076,162.6582853473015
162.903,161.77502,162.7025510943718
162.863,161.86243,162.7899534381218
162.774,161.87029,162.797811714489
162.764,161.82684,162.75436994202806
162.744,161.80656,162.734091011364
162.813,161.78825,162.715780464489
162.713,161.82138,162.7489072955437
162.71399,161.77602,162.70354291566088
162.814,161.7628,162.69032880433275
162.834,161.81146,162.73898908265306
162.824,161.83899,162.7665159381218
162.703,161.8443,162.77182599671556
162.834,161.77869,162.7062132037468
162.763,161.83012,162.7576505816765
162.734,161.80534,162.732870308239
162.804,161.7845,162.71202680237963
162.853,161.81416,162.74168988831713
162.98401,161.85104,162.7785703814812
162.993,161.9374,162.86491986878588
162.963,161.9713,162.89882489808275
162.853,161.96915,162.89667340882494
162.783,161.90814,162.83566877015306
162.694,161.84984,162.77736493714525
162.79399,161.77954,162.7070676959343
162.734,161.8111,162.73862287171556
162.704,161.7856,162.71312543519213
162.703,161.7618,162.68932172425463
162.763,161.75043,162.67795392640306
162.764,161.7793,162.7068235553093
162.734,161.78888,162.71640607484056
162.683,161.77618,162.70371076234056
162.653,161.74307,162.67059919007494
162.683,161.71477,162.642294136364
162.723,161.72124,162.6487638629265
162.724,161.74509,162.6726133502312
162.704,161.7538,162.68132611878588
162.704,161.7458,162.67333051331713
162.66301,161.7429,162.67043134339525
162.584,161.71881,162.64633771546556
162.584,161.66684,162.5943662799187
162.643,161.64856,162.5760862506218
162.644,161.67384,162.60137006409838
162.643,161.68259,162.6101133502312
162.653,161.68542,162.6129514849968
162.734,161.69127,162.61879560120775
162.773,161.73848,162.66600629456713
162.644,161.7762,162.70372602112963
162.784,161.71866,162.64618512757494
162.80301,161.7786,162.70612165101244
162.734,161.80672,162.73424359925463
162.703,161.7817,162.70921918519213
162.743,161.75601,162.68353864319994
162.844,161.76889,162.6964170611687
162.754,161.82948,162.75700971253588
162.80301,161.80026,162.7277891314812
162.833,161.81989,162.74741193421556
162.804,161.84088,162.76840802796556
162.723,161.83368,162.76120587952806
162.65399,161.7868,162.71433087952806
162.784,161.73233,162.65985700257494
162.813,161.78545,162.7129728473015
162.773,161.81778,162.74530622132494
162.804,161.80865,162.73618146546556
162.79399,161.82246,162.74999066956713
162.80301,161.82072,162.748251167614
162.904,161.8264,162.75392743714525
162.954,161.88437,162.8118955767937
163.054,161.93161,162.8591367877312
163.07399,162.00499,162.93251630433275
163.024,162.04112,162.96864911683275
163.073,162.02855,162.95607587464525
162.974,162.053,162.98052045472338
162.954,162.00648,162.93401166566088
163.024,161.98264,162.9101621783562
163.02301,162.0116,162.9391233599968
163.073,162.02063,162.9481565631218
163.144,162.05257,162.98009320862963
163.073,162.10158,163.02910443909838
163.063,162.07968,163.0072080767937
163.064,162.06898,162.99651166566088
162.993,162.06477,162.99230023987963
162.953,162.0249,162.9524290240593
162.873,161.98988,162.91741010316088
162.88301,161.93231,162.85983869202806
162.904,161.91794,162.8454649127312
162.954,161.92244,162.84996625550463
162.923,161.95123,162.87875959046556
162.99399,161.9428,162.870321480114
163.054,161.97987,162.90740033753588
163.033,162.02408,162.95160504944994
163.004,162.02882,162.95635053284838
162.93399,162.01576,162.94328900941088
162.93399,161.97272,162.90024396546556
162.834,161.95872,162.88625165589525
162.623,161.89748,162.82500287659838
162.713,161.76,162.68752118714525
162.633,161.76147,162.6890012896843
162.553,161.71237,162.6398985064812
162.57399,161.65245,162.57997724183275
162.543,161.64001,162.5675413287468
162.484,161.61584,162.5433714068718
161.67299,161.574,162.50153180726244
161.354,161.1018,162.0293333209343
161.204,160.74872,161.67624494202806
161.67401,160.52315,161.45067426331713
161.67299,160.71393,161.64145490296556
161.863,160.77373,161.7012540973015
162.084,160.90427,161.8317930377312
161.883,161.06834,161.99587079652025
162.324,161.0125,161.9400236285515
162.484,161.2479,162.1754209674187
162.733,161.41545,162.342977730114
162.734,161.6233,162.55083295472338
162.653,161.69597,162.623495308239
162.693,161.68364,162.6111662066765
162.684,161.705,162.632528511364
162.553,161.70972,162.6372434771843
162.75299,161.64212,162.56964704163744
162.774,161.73262,162.66014691956713
162.963,161.77234,162.6998655474968
162.93399,161.8959,162.82343122132494
162.704,161.91972,162.8472501910515
162.71399,161.80545,162.73297711976244
162.80301,161.7728,162.7003233111687
162.894,161.80867,162.73619672425463
162.914,161.87292,162.8004514849968
162.80301,161.9063,162.8338224566765
162.993,161.85693,162.7844602740593
162.97299,161.94672,162.87424298890306
162.833,161.96306,162.890585151989
162.774,161.8964,162.82391950257494
163.004,161.84065,162.76817914612963
162.684,161.9482,162.87572309144213
162.744,161.8051,162.732626167614
162.673,161.79588,162.72340985902025
162.65399,161.74475,162.6722776568718
162.88301,161.71983,162.64736005433275
163.044,161.83636,162.76389142640306
162.993,161.96286,162.8903867877312
163.073,161.98003,162.9075529254265
163.193,162.03291,162.96043988831713
163.254,162.11615,163.04367658265306
163.313,162.18079,163.1083128131218
163.293,162.23831,163.16583844788744
163.30301,162.24878,163.1763059771843
163.11299,162.26102,163.18854352601244
162.944,162.16187,163.0893919146843
162.673,162.03835,162.96587201722338
162.65399,161.84367,162.771200386364
162.724,161.76494,162.6924650348015
162.61299,161.77113,162.69866010316088
162.594,161.70895,162.6364805377312
162.71399,161.67557,162.60309430726244
162.824,161.72635,162.65387555726244
162.874,161.80298,162.7305051959343
162.80301,161.85724,162.78476544984056
162.593,161.83698,162.76450177796556
162.633,161.71451,162.64203473694994
162.37401,161.69511,162.6226408160515
162.224,161.54039,162.46791669495775
162.44301,161.40489,162.33241864808275
162.593,161.4759,162.40343305237963
162.63399,161.58086,162.5083830035515
162.544,161.64099,162.5685178912468
162.573,161.61082,162.53835126527025
162.593,161.61707,162.5445921099968
162.653,161.62936,162.5568906939812
162.743,161.66913,162.59665509827806
162.783,161.73335,162.66087934144213
162.823,161.77844,162.7059690631218
162.814,161.81784,162.7453672564812
163.16301,161.82727,162.7547971881218
163.133,162.02649,162.9540159381218
163.21399,162.0748,163.0023252642937
163.21399,162.14517,163.07269879944994
163.21399,162.16747,163.09499189027025
163.254,162.17993,163.1074583209343
163.323,162.20792,163.13544294007494
163.123,162.2569,163.18442365296556
163.234,162.16515,163.09267255433275
163.314,162.19911,163.12663861878588
163.38301,162.24965,163.17717572816088
163.43399,162.30765,163.23517438538744
163.48401,162.35527,163.2827970660515
163.51399,162.39983,163.327352730114
163.504,162.43243,163.35996076234056
163.364,162.4399,163.36742231019213
163.213,162.36801,163.2955381549187
163.244,162.26335,163.190878120739
163.174,162.24393,163.17145368226244
163.223,162.19597,163.123495308239
163.224,162.20757,163.1350919879265
163.103,162.20822,163.1357481158562
163.123,162.14207,163.06960126527025
163.033,162.13034,163.0578672564812
163.004,162.07343,163.00095197327806
162.894,162.0392,162.96672650941088
162.844,161.96387,162.8913938678093
162.874,161.91013,162.8376524127312
162.793,161.90541,162.83293744691088
162.75299,161.8568,162.78432294495775
162.80301,161.81772,162.7452451861687
162.983,161.82933,162.75685712464525
162.964,161.93178,162.85930463441088
163.064,161.9547,162.88222333558275
163.213,162.02095,162.94847699769213
163.054,162.12384,163.05136701234056
162.874,162.0731,163.00063153870775
163.053,161.96172,162.8892423785515
162.914,162.02159,162.94911786683275
162.874,161.962,162.8895322955437
162.963,161.925,162.85252973206713
163.024,161.95746,162.88498517640306
163.094,162.00127,162.9287931598015
163.16301,162.05557,162.98309919007494
163.174,162.1119,163.03941938050463
163.073,162.13792,163.06545087464525
163.11299,162.093,163.02052899964525
163.264,162.10175,163.02927228577806
163.324,162.18663,163.11415692933275
163.324,162.24878,163.1763059771843
163.144,162.27243,163.1999571002312
163.093,162.18298,163.1105100787468
163.073,162.12701,163.05454084046556
162.944,162.09465,163.022176948864
162.99399,162.01271,162.94023725159838
162.963,162.01237,162.939901558239
162.983,161.99092,162.91844770081713
162.924,161.99532,162.92284223206713
162.94301,161.96164,162.8891660846062
162.873,161.96092,162.88844892152025
162.783,161.91971,162.84723493226244
162.843,161.85641,162.7839414752312
162.88301,161.86662,162.794149605114
162.974,161.88997,162.81749555237963
163.063,161.94894,162.8764707721062
163.084,162.01721,162.9447385943718
163.184,162.05275,162.98027631409838
163.29399,162.12173,163.04926129944994
163.333,162.20586,163.1333830035515
163.334,162.2581,163.1856290973015
163.29399,162.27939,163.2069151080437
163.244,162.26686,163.19438764222338
163.21399,162.23734,163.16486188538744
163.173,162.21191,163.1394407428093
163.134,162.18102,163.10854169495775
163.094,162.14915,163.07668134339525
163.203,162.11554,163.04306623109056
163.24301,162.16335,163.09087201722338
163.224,162.19908,163.12660810120775
163.183,162.20216,163.12969037659838
163.173,162.18079,163.1083128131218
163.11299,162.16817,163.09569379456713
163.034,162.13058,163.0581113971062
162.93399,162.07492,163.0024473346062
162.89299,161.99985,162.9273740924187
162.884,161.95038,162.87790509827806
162.844,161.9262,162.853719917614
162.97299,161.89409,162.8216154254265
162.873,161.95354,162.881063667614
162.813,161.91512,162.84264203675463
162.904,161.87129,162.79881879456713
162.793,161.904,162.83153363831713
162.643,161.85214,162.7796690142937
162.43399,161.75327,162.6807920611687
162.57399,161.59998,162.5275022662468
162.543,161.62384,162.55136701234056
162.713,161.6097,162.53722211487963
162.58301,161.702,162.6295225299187
162.53299,161.65631,162.58383771546556
162.474,161.61583,162.54335614808275
162.553,161.56529,162.49281903870775
162.53299,161.5927,162.520223823864
162.544,161.5893,162.51682111390306
162.603,161.59557,162.52309247620775
162.433,161.62927,162.5567991412468
162.47299,161.54543,162.47295209534838
162.414,161.54068,162.46820661194994
162.423,161.50237,162.429891792614
162.403,161.49605,162.42357465394213
162.413,161.48056,162.4080869830437
162.323,161.48082,162.40834638245775
162.424,161.4291,162.35661908753588
162.353,161.4683,162.3958341754265
162.323,161.43935,162.36687299378588
162.44301,161.41463,162.34215375550463
162.403,161.4716,162.399130073864
162.304,161.46793,162.39545270569994
162.294,161.41312,162.34064313538744
162.343,161.38734,162.31487104066088
162.284,161.40489,162.33241864808275
162.343,161.37772,162.30524274476244
162.384,161.40224,162.32976361878588
162.30301,161.43184,162.35936566956713
162.304,161.39737,162.32489606507494
162.30301,161.38652,162.3140470660515
162.534,161.38074,162.3082639849968
162.433,161.50975,162.43727704652025
162.354,161.49586,162.42339154847338
162.183,161.45139,162.3789121783562
162.263,161.3371,162.26462384827806
162.204,161.34332,162.27084943421556
162.23401,161.30962,162.2371427691765
162.25401,161.31677,162.2442991412468
162.23401,161.32776,162.2552854693718
162.154,161.32022,162.24774762757494
162.093,161.27193,162.19945356019213
162.004,161.2201,162.1476194537468
162.073,161.15031,162.077841011364
162.074,161.1645,162.09203168519213
162.11299,161.168,162.09552594788744
162.09401,161.19191,162.11943647034838
161.963,161.18791,162.115438667614
161.89401,161.11238,162.03990766175463
161.713,161.04619,161.9737150348015
161.784,160.91792,161.84544965394213
161.823,160.91286,161.84038373597338
161.853,160.93022,161.8577482379265
161.924,160.95393,161.88146039612963
161.94301,161.00116,161.92868634827806
161.903,161.02763,161.9551603473015
161.793,161.01471,161.94223615296556
161.773,160.94766,161.87518903382494
161.783,160.9126,161.8401243365593
161.863,160.9051,161.83263227112963
161.994,160.94853,161.8760587848015
162.013,161.03802,161.96555158265306
161.984,161.08023,162.00775739319994
161.963,161.07982,162.00734540589525
161.804,161.0679,161.99542829163744
161.634,160.97374,161.90126630433275
161.704,160.8443,161.77182599671556
161.544,160.83698,161.76450177796556
161.81299,160.7409,161.66843244202806
161.623,160.86227,161.7898008502312
161.723,160.79134,161.71886273987963
161.723,160.82718,161.75470563538744
161.73401,160.83452,161.7620451129265
161.663,160.84598,161.77350446351244
161.61299,160.80852,161.736044136364
161.53299,160.76697,161.6944944537468
161.584,160.70538,161.63290998109056
161.524,160.71269,161.6402189410515
161.434,160.67963,161.60715314515306
161.44301,160.61646,161.5439817584343
161.333,160.59721,161.5247404254265
161.434,160.52557,161.45310041077806
161.354,160.55826,161.48578473694994
161.304,160.5215,161.44902631409838
161.433,160.48044,161.4079649127312
161.45299,160.53798,161.46550580628588
161.484,160.56952,161.49704572327806
161.544,160.59995,161.5274717486687
161.434,160.64445,161.571981636364
161.304,160.5974,161.52492353089525
161.373,160.50667,161.43419477112963
161.244,160.51292,161.44045087464525
161.103,160.4403,161.3678342974968
161.004,160.3337,161.26122113831713
160.934,160.23483,161.1623594439812
161.134,160.15678,161.0843107379265
161.03401,160.24408,161.17160627015306
161.054,160.21587,161.1433927691765
161.173,160.21777,161.1453001178093
161.03401,160.28423,161.2117521441765
161.104,160.22798,161.15550824769213
161.03401,160.24911,161.1766416705437
161.153,160.21414,161.14166852601244
161.153,160.27258,161.2001096881218
161.263,160.29257,161.2200987017937
161.354,160.36523,161.2927610553093
161.284,160.44324,161.3707639849968
161.183,160.43216,161.35968610413744
161.064,160.37064,161.29816266663744
161.104,160.27896,161.20648786194994
161.093,160.26944,161.19696637757494
161.033,160.25961,161.1871397174187
161.183,160.22182,161.14934369691088
161.154,160.29411,161.221639839489
161.134,160.30208,161.22960492737963
161.293,160.29466,161.22218915589525
161.243,160.38283,161.31035443909838
161.164,160.38571,161.3132383502312
161.23401,160.3431,161.27062055237963
161.344,160.36714,161.29466840394213
161.53299,160.43988,161.36740705140306
161.61299,160.57681,161.50433942444994
161.684,160.67218,161.59970685609056
161.61299,160.7488,161.67632123597338
161.444,160.73616,161.66368695862963
161.494,160.63705,161.5645811236687
161.503,160.63112,161.55864545472338
161.513,160.63419,161.56171247132494
161.484,160.64311,161.5706388629265
161.484,160.6289,161.5564329303093
161.643,160.62349,161.55101606019213
161.593,160.71257,161.640096870739
161.58301,160.71524,161.64276715882494
161.544,160.71254,161.64006635316088
161.61299,160.68773,161.61525556214525
161.623,160.71951,161.64703961976244
